id_url,ruta,minero,fecha_add,red_social
9,"https://www.reddit.com/r/chile/comments/1csug68/la_normalizaci%C3%B3n_de_las_drogas_est%C3%A1_dejando_la/ ",Sebastian Castro,2024-05-19 16:13:42,Reddit
10,"https://www.reddit.com/r/chile/comments/1cqupkx/discusi%C3%B3n_random_semanal/ ",Sebastian Castro,2024-05-19 16:17:58,Reddit
11,https://www.reddit.com/r/chile/comments/1cvsdx4/jos%C3%A9_antonio_kast_arremete_contra_gabriel_boric/,Sebastian Castro,2024-05-19 16:48:33,Reddit
12,https://www.reddit.com/r/chile/comments/1cvrmjh/ofrecieron_que_yo_pague_y_ellos_traer_el_frasco/,Sebastian Castro,2024-05-19 16:49:29,Reddit
13,https://www.reddit.com/r/chile/comments/1cvlseu/qu%C3%A9_libro_les_cambio_brigidamente_la_visi%C3%B3n_sobre/,Sebastian Castro,2024-05-19 16:49:50,Reddit
14,https://www.reddit.com/r/chile/comments/1cvfefg/en_qu%C3%A9_momento_se_les_pasaron_las_ganas_de/,Sebastian Castro,2024-05-19 16:51:59,Reddit
15,https://www.reddit.com/r/chile/comments/1cva8jv/el_peor_trago_que_hayan_probado/,Sebastian Castro,2024-05-19 16:52:24,Reddit
16,https://www.reddit.com/r/chile/comments/1cvdef1/cada_cu%C3%A1nto_se_compran_ropa/,Sebastian Castro,2024-05-19 16:53:30,Reddit
17,https://www.reddit.com/r/chile/comments/1cvg66v/a_excepci%C3%B3n_del_f%C3%BAtbol_cu%C3%A1l_es_su_deporte_favorito/,Sebastian Castro,2024-05-19 16:54:23,Reddit
18,https://www.reddit.com/r/chile/comments/1cvc5k6/qu%C3%A9_es_esto/,Sebastian Castro,2024-05-19 16:55:45,Reddit
19,https://www.reddit.com/r/chile/comments/1c94mtn/mi_polola_con_la_que_llevo_5_a%C3%B1os_me_pidi%C3%B3_que/,Sebastian Castro,2024-05-19 17:02:45,Reddit
20,https://www.reddit.com/r/chile/comments/1d44kj2/gente_con_menos_de_30_c%C3%B3mo_consiguieron_su_casa/,Sebastian Castro,2024-05-30 22:11:38,Reddit
21,https://www.reddit.com/r/chile/comments/1cxmvgy/cu%C3%A1ndo_fue_el_%C3%BAltimo_ataque_de_risa_que_tuvieron/,Sebastian Castro,2024-05-30 22:13:52,Reddit
22,https://www.reddit.com/r/chile/comments/1d1n9in/discusi%C3%B3n_random_semanal//,Sebastian Castro,2024-05-30 22:19:45,Reddit
23,https://www.reddit.com/r/chile/comments/1d0oc9f/cu%C3%ADdense_ctm/,Sebastian Castro,2024-05-30 22:26:44,Reddit
24,https://www.reddit.com/r/chile/comments/1d3vrg1/cu%C3%A1l_es_el_nombre_de_tu_mascota/,Sebastian Castro,2024-05-30 22:29:56,Reddit
25,https://www.reddit.com/r/argentina/comments/cmurjl/robado_de_twitter_hornero_con_un_departamento_de/,Sebastian Castro,2024-05-30 22:31:05,Reddit
26,https://www.reddit.com/r/chile/comments/1choibw/me_diagnosticaron_autismo_de_alto_rendimiento/,Sebastian Castro,2024-05-30 22:32:11,Reddit
27,https://www.reddit.com/r/chile/comments/1clp4f6/compra_impulsiva_weona_que_hayan_hecho/,Sebastian Castro,2024-05-30 22:34:07,Reddit
28,https://www.reddit.com/r/chile/comments/1d3top4/qu%C3%A9_hobbies_tienen/,Cristobal Diaz Poblete,2024-05-30 22:36:07,Reddit
29,https://www.reddit.com/r/chile/comments/ze6xrl/gracias_cordillera_siempre_se_puede_estar_peor/,Cristobal Diaz Poblete,2024-05-30 22:38:45,Reddit
30,https://www.reddit.com/r/chile/comments/xgccku/por_qu%C3%A9_es_tan_com%C3%BAn_beber_t%C3%A9_ac%C3%A1_en_chile/,Cristobal Diaz Poblete,2024-05-30 22:40:03,Reddit
31,https://www.reddit.com/r/chile/comments/1d2z5ul/puta_que_me_cae_como_el_pico_el_viejo_ql0_que_se/,Sebastian Castro,2024-05-30 22:40:11,Reddit
32,https://www.reddit.com/r/chile/comments/1ckv3xz/qu%C3%A9_es_eso_que_a_todo_chileno_le_gusta_y_a_ti_no/,Sebastian Castro,2024-05-30 22:41:15,Reddit
33,https://www.reddit.com/r/chile/comments/1cdoi5f/por_qu%C3%A9_los_chilenos_est%C3%A1n_tan_preocupados_por_la/,Cristobal Diaz Poblete,2024-05-30 22:41:58,Reddit
34,"https://www.reddit.com/r/chile/comments/1d4c62e/mujeres_de_rchile_qu%C3%A9_les_da_miedo_de_lo_hombres/ ",Robert Reyes,2024-05-30 22:42:48,Reddit
35,https://www.reddit.com/r/argentina/comments/1cxxb5y/por_el_conflicto_contra_argentina_en_espa%C3%B1a_le/,Cristobal Diaz Poblete,2024-05-30 22:44:35,Reddit
36,https://www.reddit.com/r/argentina/comments/1ckale2/un_hombre_reclam%C3%B3_en_las_heras_que_una_obra_sin/,Cristobal Diaz Poblete,2024-05-30 22:46:15,Reddit
37,https://www.reddit.com/r/chile/comments/1d2k651/una_opini%C3%B3n_sobre_el_cae/,Sebastian Castro,2024-05-30 22:48:34,Reddit
38,https://www.reddit.com/r/argentina/comments/1cy989w/aparentemente_el_resto_de_los_pa%C3%ADses_flashean_al/,Cristobal Diaz Poblete,2024-05-30 22:49:04,Reddit
39,https://www.reddit.com/r/chile/comments/1d4c62e/mujeres_de_rchile_qu%C3%A9_les_da_miedo_de_lo_hombres/,Cristobal Diaz Poblete,2024-05-30 23:08:33,Reddit
40,https://www.reddit.com/r/Santiago/comments/1d45pp5/ropa_nieve_m%C3%A1s_barata/,Sebastian Castro,2024-05-30 23:41:34,Reddit
41,https://www.reddit.com/r/chile/comments/1b0c7p0/discusi%C3%B3n_random_semanal/,Sebastian Castro,2024-05-30 23:46:24,Reddit
42,https://www.reddit.com/r/mexico/comments/1d31nof/con_toda_la_evidencia_mostrada_a_los_que_todav%C3%ADa/,Cristobal diaz poblete,2024-05-30 23:48:06,Reddit
43,https://www.reddit.com/r/chile/comments/x0ktuq/discusi%C3%B3n_random_semanal/,Sebastian Castro,2024-05-31 00:00:57,Reddit
44,https://www.reddit.com/r/chile/comments/wddk5d/discusi%C3%B3n_random_semanal/,Sebastian Castro,2024-05-31 00:33:54,Reddit
45,https://www.reddit.com/r/chile/comments/vwephw/discusi%C3%B3n_random_semanal/,Sebastian Castro,2024-05-31 00:56:45,Reddit
46,https://x.com/CNNChile/status/1796502239550537765,Robert Reyes,2024-05-31T22:33:35.492111Z,X
47,https://x.com/JordiWild/status/1793244769830805722,Robert Reyes,2024-05-31T22:47:16.133064Z,X
48,https://www.reddit.com/r/chile/comments/1bhleva/discusi%C3%B3n_random_semanal/,Sebastian Castro,2024-05-31 22:17:31,Reddit
49,https://www.reddit.com/r/chile/comments/v5zgnc/discusi%C3%B3n_random_semanal/,Sebastian Castro,2024-05-31 22:27:55,Reddit
50,https://www.reddit.com/r/chile/comments/vghwu4/discusi%C3%B3n_random_semanal/,Sebastian Castro,2024-05-31 22:56:15,Reddit
51,https://www.reddit.com/r/chile/comments/v0wt12/discusi%C3%B3n_random_semanal/,Sebastian Castro,2024-05-31 23:43:48,Reddit
52,https://www.reddit.com/r/chile/comments/x6bfxy/discusi%C3%B3n_random_semanal/,Sebastian Castro,2024-06-01 00:02:21,Reddit
54,https://www.reddit.com/r/chile/comments/vr3y2g/discusi%C3%B3n_random_semanal/,Sebastian Castro,2024-06-01 00:26:50,Reddit
55,https://www.reddit.com/r/chile/comments/1078lnp/discusi%C3%B3n_random_semanal/,Sebastian Castro,2024-06-01 01:09:33,Reddit
56,https://www.reddit.com/r/chile/comments/14182gk/discusi%C3%B3n_random_semanal/,Sebastian Castro,2024-06-01 01:59:46,Reddit
57,https://www.reddit.com/r/chile/comments/14d97mb/discusi%C3%B3n_random_semanal/,Sebastian Castro,2024-06-01 02:55:31,Reddit
58,https://www.reddit.com/r/chile/comments/14jbzbz/discusi%C3%B3n_random_semanal/,Sebastian Castro,2024-06-01 02:57:42,Reddit
59,https://www.reddit.com/r/chile/comments/173mc6r/discusi%C3%B3n_random_semanal/,Sebastian Castro,2024-06-01 21:14:51,Reddit
60,https://www.reddit.com/r/chile/comments/17u5w17/discusi%C3%B3n_random_semanal/,Sebastian Castro,2024-06-01 21:37:37,Reddit
61,https://www.reddit.com/r/chile/comments/19cqnco/discusi%C3%B3n_random_semanal/,Sebastian Castro,2024-06-01 21:48:53,Reddit
62,https://www.reddit.com/r/chile/comments/1790syr/discusi%C3%B3n_random_semanal/,Sebastian Castro,2024-06-01 22:15:52,Reddit
63,https://www.reddit.com/r/chile/comments/1973h89/discusi%C3%B3n_random_semanal/,Sebastian Castro,2024-06-01 22:39:07,Reddit
64,https://www.reddit.com/r/chile/comments/15kf4tt/discusi%C3%B3n_random_semanal/,Sebastian Castro,2024-06-01 23:07:49,Reddit
65,https://www.reddit.com/r/chile/comments/17zjim6/discusi%C3%B3n_random_semanal/,Sebastian Castro,2024-06-01 23:37:53,Reddit
66,https://www.reddit.com/r/chile/comments/1cwazkj/discusi%C3%B3n_random_semanal/,Sebastian Castro,2024-06-01 23:45:45,Reddit
67,https://www.reddit.com/r/chile/comments/18l3idn/discusi%C3%B3n_random_semanal/,Sebastian Castro,2024-06-01 23:47:20,Reddit
68,https://www.reddit.com/r/chile/comments/1adq4ap/discusi%C3%B3n_random_semanal/,Sebastian Castro,2024-06-02 00:13:22,Reddit
69,https://www.reddit.com/r/chile/comments/1cfuex6/discusi%C3%B3n_random_semanal/,Sebastian Castro,2024-06-02 00:42:21,Reddit
70,https://www.reddit.com/r/chile/comments/191g2dp/discusi%C3%B3n_random_semanal/,Sebastian Castro,2024-06-02 01:14:30,Reddit
71,https://www.reddit.com/r/chile/comments/1clegcc/discusi%C3%B3n_random_semanal/,Sebastian Castro,2024-06-02 01:48:15,Reddit
72,https://www.reddit.com/r/chile/comments/wupfrp/discusi%C3%B3n_random_semanal/,Sebastian Castro,2024-06-02 15:52:08,Reddit
73,https://www.reddit.com/r/chile/comments/17oxuv4/discusi%C3%B3n_random_semanal/,Sebastian Castro,2024-06-02 19:06:34,Reddit
74,https://www.reddit.com/r/chile/comments/1aui2aa/discusi%C3%B3n_random_semanal/,Sebastian Castro,2024-06-02 19:59:08,Reddit
75,https://www.reddit.com/r/chile/comments/15eaqbr/discusi%C3%B3n_random_semanal/,Sebastian Castro,2024-06-02 20:30:08,Reddit
76,https://www.reddit.com/r/chile/comments/1byt5qb/discusi%C3%B3n_random_semanal/,Sebastian Castro,2024-06-02 20:55:28,Reddit
77,https://x.com/CNNChile/status/1797282027202347381,Robert Reyes,2024-06-03T01:09:57.931191Z,X
78,https://x.com/CNNChile/status/1796725431971815899,Robert Reyes,2024-06-03T01:12:16.731953Z,X
79,https://x.com/CNNChile/status/1796952333831524584,Robert Reyes,2024-06-03T01:15:01.765355Z,X
80,https://www.reddit.com/r/chile/comments/14pdo0a/discusi%C3%B3n_random_semanal/,Sebastian Castro,2024-06-02 21:17:11,Reddit
81,https://www.reddit.com/r/chile/comments/17ef5qi/discusi%C3%B3n_random_semanal/,Sebastian Castro,2024-06-02 21:47:19,Reddit
82,https://x.com/InformaCosmos/status/1797326367614206080,Robert Reyes,2024-06-03T01:58:34.011153Z,X
83,https://www.reddit.com/r/chile/comments/15qpa7g/discusi%C3%B3n_random_semanal/,Sebastian Castro,2024-06-02 22:18:33,Reddit
84,https://www.reddit.com/r/chile/comments/1b65hyo/discusi%C3%B3n_random_semanal/,Sebastian Castro,2024-06-02 22:35:58,Reddit
85,https://www.reddit.com/r/chile/comments/15x22da/discusi%C3%B3n_random_semanal/,Sebastian Castro,2024-06-02 23:04:23,Reddit
86,https://www.reddit.com/r/chile/comments/1bbxyk3/discusi%C3%B3n_random_semanal/,Sebastian Castro,2024-06-02 23:29:30,Reddit
87,https://www.reddit.com/r/chile/comments/18fph2j/discusi%C3%B3n_random_semanal/,Sebastian Castro,2024-06-03 00:04:19,Reddit
88,https://www.reddit.com/r/chile/comments/17joav4/discusi%C3%B3n_random_semanal/,Sebastian Castro,2024-06-03 00:26:21,Reddit
89,https://www.reddit.com/r/chile/comments/1aouy06/discusi%C3%B3n_random_semanal/,Sebastian Castro,2024-06-03 01:10:55,Reddit
90,https://www.reddit.com/r/chile/comments/14voj83/discusi%C3%B3n_random_semanal/,Sebastian Castro,2024-06-03 01:32:53,Reddit
91,https://x.com/SitoCinema/status/1797373875904274892,Robert Reyes,2024-06-03T05:33:18.439930Z,X
92,https://x.com/EdoWeatherman/status/1797409439852765482,Robert Reyes,2024-06-03T05:34:29.086006Z,X
93,https://x.com/R_SaavedraM/status/1797099088653017273,Robert Reyes,2024-06-03T05:36:13.355949Z,X
94,https://x.com/PamJiles/status/1797388617150505287,Robert Reyes,2024-06-03T05:37:58.857115Z,X
95,https://x.com/vegetabdn/status/1797328442901291293,Robert Reyes,2024-06-03T05:39:14.332968Z,X
96,https://x.com/Pampa139/status/1796964716943704513,Robert Reyes,2024-06-03T05:40:17.974888Z,X
97,https://x.com/porqueTTarg/status/1797406324080234572,Robert Reyes,2024-06-03T05:41:18.161122Z,X
98,https://x.com/CNNChile/status/1796969867414761602,Robert Reyes,2024-06-03T05:42:44.054063Z,X
99,https://x.com/porqueTTarg/status/1796945483958542760,Robert Reyes,2024-06-03T05:47:47.097798Z,X
100,https://www.reddit.com/r/chile/comments/18qebvx/discusi%C3%B3n_random_semanal/,Sebastian Castro,2024-06-03 01:53:39,Reddit
101,https://x.com/biobio/status/1796963312980099526,Robert Reyes,2024-06-03T06:07:09.059061Z,X
102,https://x.com/AlertaNews24/status/1797445360505532417,Robert Reyes,2024-06-03T06:08:32.568218Z,X
103,https://x.com/SitoCinema/status/1797266923463250430,Robert Reyes,2024-06-03T06:10:23.165775Z,X
104,https://x.com/biobio/status/1797258235482615830,Robert Reyes,2024-06-03T06:11:34.531640Z,X
105,https://x.com/biobio/status/1796976600703000971,Robert Reyes,2024-06-03T06:17:15.825355Z,X
106,https://www.reddit.com/r/chile/comments/163gwgs/discusi%C3%B3n_random_semanal/,Sebastian Castro,2024-06-03 02:18:45,Reddit
107,https://www.reddit.com/r/chile/comments/151wie7/discusi%C3%B3n_random_semanal/,Sebastian Castro,2024-06-03 12:22:07,Reddit
108,https://www.reddit.com/r/chile/comments/15852xa/discusi%C3%B3n_random_semanal/,Sebastian Castro,2024-06-03 12:41:31,Reddit
109,https://www.reddit.com/r/chile/comments/1ca5zmn/discusi%C3%B3n_random_semanal/,Sebastian Castro,2024-06-03 13:01:24,Reddit
110,https://www.reddit.com/r/chile/comments/147j9xn/discusi%C3%B3n_random_semanal/,Sebastian Castro,2024-06-03 13:28:44,Reddit
111,https://www.reddit.com/r/chile/comments/16xqpqc/discusi%C3%B3n_random_semanal/,Sebastian Castro,2024-06-03 14:17:28,Reddit
112,https://www.reddit.com/r/chile/comments/1bsxuvp/discusi%C3%B3n_random_semanal/,Sebastian Castro,2024-06-03 14:40:24,Reddit
113,https://www.reddit.com/r/animexico/comments/16vm33f/discusi%C3%B3n_semanal_que_est%C3%A1s_mirando_o_leyendo/,Sebastian Castro,2024-06-03 15:01:04,Reddit
114,https://www.reddit.com/r/chile/comments/1d6zzb8/discusi%C3%B3n_random_semanal/,Sebastian Castro,2024-06-03 15:02:47,Reddit
115,https://www.reddit.com/r/chile/comments/o9hjua/discusi%C3%B3n_random_semanal/,Sebastian Castro,2024-06-03 15:05:07,Reddit
116,https://www.reddit.com/r/chile/comments/1dc0ie4/gente_vendiendo_parche_curitas/,Sebastian Castro,2024-06-09 18:50:31,Reddit
117,https://x.com/DiarioOle/status/1803990533481624057,Robert Reyes,2024-06-21T19:13:03.410812Z,X
118,https://www.reddit.com/r/chile/comments/1dkz2hn/que_palabras_nuevas_usan_los_lolos_de_hoy_en_dia/,Jose Escobar,2024-06-21 17:57:04,Reddit
119,https://www.reddit.com/r/chile/comments/1dl4vqr/soy_yo_o_este_a%C3%B1o_hasta_ahora_ha_llovido_mucho/,Jose Escobar,2024-06-21 18:01:31,Reddit
120,https://www.reddit.com/r/chile/comments/1dl6g07/la_onu_destaca_a_chile_como_uno_de_los_pa%C3%ADses/,Jose Escobar,2024-06-21 18:01:59,Reddit
121,https://www.reddit.com/r/chile/comments/1dl42jc/ebrio_y_disparando_a_gente_desarmada_en_plena/,Jose Escobar,2024-06-21 19:27:07,Reddit
122,https://www.reddit.com/r/chile/comments/1dl878v/qu%C3%A9_es_lo_m%C3%A1s_inc%C3%B3modovergonzoso_que_te_ha_tocado/,Jose Escobar,2024-06-21 19:27:30,Reddit
123,https://www.reddit.com/r/chile/comments/1dl6xa4/director_del_sii_afirma_que_la_falta_de/,Jose Escobar,2024-06-21 19:27:49,Reddit
124,https://x.com/mbapadre/status/1804867021307265521,Robert Reyes,2024-06-23T23:22:12.671476Z,X
125,https://x.com/Arteymas_/status/1804880638941561141,Robert Reyes,2024-06-23T23:23:00.220295Z,X
126,https://x.com/therealbuni/status/1804869006861447278,Robert Reyes,2024-06-23T23:23:56.350610Z,X
127,https://x.com/maps_black/status/1804937134551486841,Robert Reyes,2024-06-23T23:24:53.343522Z,X
128,https://x.com/EsdeProfugos/status/1804886996688462255,Robert Reyes,2024-06-23T23:25:51.977417Z,X
129,https://x.com/biobio/status/1804880204789092573,Robert Reyes,2024-06-23T23:27:38.794603Z,X
130,https://x.com/RCulturaPop/status/1804709975815581748,Robert Reyes,2024-06-23T23:29:42.167474Z,X
131,https://x.com/CNNChile/status/1804662341017186428,Robert Reyes,2024-06-23T23:33:26.645598Z,X
132,https://x.com/unaicano10/status/1805601073794609395,Jose Escobar,2024-06-25T17:49:48.751398Z,X
133,https://x.com/madrid_total2/status/1805652123331576151,Jose Escobar,2024-06-25T17:57:47.767226Z,X
134,https://x.com/brucebatman007/status/1805338953106493883,Robert Reyes,2024-06-25T18:06:49.173544Z,X
135,https://x.com/InvictosSomos/status/1805647630036300157,Jose Escobar,2024-06-25T18:11:00.367673Z,X
136,https://x.com/ElLicenciadoT/status/1805648519799488874,Jose Escobar,2024-06-25T18:12:08.590128Z,X
137,https://x.com/CapitanBitcoin/status/1804827490424074582,Jose Escobar,2024-06-25T18:18:43.125514Z,X
138,https://x.com/Nanosecso/status/1805661861871820989,Jose Escobar,2024-06-25T18:19:28.695624Z,X
139,https://x.com/sudanalytics_/status/1805442972588167533,Robert Reyes,2024-06-25T18:23:18.996701Z,X
140,https://x.com/CopaAmerica/status/1805435111229313515,Robert Reyes,2024-06-25T18:24:11.238433Z,X
141,https://x.com/ElPulentoDios/status/1805404974987268525,Robert Reyes,2024-06-25T18:26:54.282225Z,X
142,https://x.com/madrid_total2/status/1805661906021077323,Jose Escobar,2024-06-25T18:29:35.933080Z,X
143,https://x.com/sudanalytics_/status/1805662305071300715,Jose Escobar,2024-06-25T18:30:23.616605Z,X
144,https://x.com/porktendencia/status/1805662338680234475,Jose Escobar,2024-06-25T18:39:44.874424Z,X
145,https://x.com/sudanalytics_/status/1805661516865097808,Jose Escobar,2024-06-25T18:39:53.748914Z,X
146,https://x.com/ChilensisFutbal/status/1805655704297984102,Jose Escobar,2024-06-25T19:25:25.892425Z,X
147,https://x.com/Patrioticos_RD/status/1805562854419902974,Jose Escobar,2024-06-25T20:29:26.035156Z,X
148,https://x.com/FearedBuck/status/1805608640918835394,Jose Escobar,2024-06-25T20:29:37.411386Z,X
149,https://x.com/j788y/status/1805551546366558536,Jose Escobar,2024-06-25T20:29:42.489369Z,X
150,https://x.com/Incmpltemission/status/1805361438975795601,Jose Escobar,2024-06-25T20:29:47.422417Z,X
151,https://x.com/TheFigen_/status/1805592447306682552,Jose Escobar,2024-06-25T20:31:47.945571Z,X
152,https://x.com/ElMichalito/status/1805355185524367496,Jose Escobar,2024-06-25T20:31:53.717118Z,X
153,https://x.com/LukeIndomable/status/1804421630887612734,Jose Escobar,2024-06-25T20:34:17.775894Z,X
154,https://x.com/eduardomenoni/status/1713752342007259485,Jose Escobar,2024-06-25T20:36:57.127938Z,X
155,https://x.com/Tercerperfil/status/1805347732388786401,Jose Escobar,2024-06-25T20:38:19.786288Z,X
156,https://x.com/Miranda200233/status/1794074718938488929,Jose Escobar,2024-06-25T20:42:18.988110Z,X
157,https://x.com/Rhevolver/status/1799231773949239728,Jose Escobar,2024-06-25T20:43:13.895578Z,X
158,https://x.com/Peli_Comic/status/1805319682074812529,Robert Reyes,2024-06-25T20:49:03.741285Z,X
159,https://x.com/eduardomenoni/status/1805616280323383320,Jose Escobar,2024-06-25T20:51:24.278275Z,X
160,https://x.com/porquetendencia/status/1805435160038363162,Robert Reyes,2024-06-25T20:52:16.988186Z,X
161,https://x.com/CNNChile/status/1805269952485617779,Robert Reyes,2024-06-25T20:53:19.214341Z,X
162,https://x.com/metrodesantiago/status/1805541650707406893,Robert Reyes,2024-06-25T20:54:24.619363Z,X
163,https://x.com/porqueTTarg/status/1805419279593971733,Robert Reyes,2024-06-25T20:55:15.273414Z,X
164,https://x.com/gentmex28/status/1805531350675735012,Jose Escobar,2024-06-25T20:58:50.782441Z,X
165,https://x.com/sindicatodedomm/status/1805326984307790040,Jose Escobar,2024-06-25T21:07:10.146242Z,X
166,https://x.com/scortandreax/status/1805529730365489515,Jose Escobar,2024-06-25T21:16:20.655436Z,X
167,https://x.com/Barras_LATAM/status/1805682393707143342,Jose Escobar,2024-06-25T21:26:40.151399Z,X
168,https://x.com/DuragRebel/status/1805341088485720397,Jose Escobar,2024-06-25T21:27:23.459627Z,X
169,https://x.com/terrenoviral/status/1805658859203145858,Jose Escobar,2024-06-25T21:28:31.680585Z,X
170,https://x.com/DonMemazos/status/1805089555340546057,Jose Escobar,2024-06-25T21:29:57.773854Z,X
171,https://x.com/Diariodenarco/status/1698826932031295603,Jose Escobar,2024-06-25T21:33:54.709868Z,X
172,https://x.com/vitoquiles/status/1805702612357984765,Jose Escobar,2024-06-25T21:42:07.440526Z,X
173,https://x.com/Julio_di_esto/status/1804978677278458203,Jose Escobar,2024-06-25T21:50:28.342349Z,X
174,https://x.com/sudanalytics_/status/1805580673886879928,Robert Reyes,2024-06-25T22:19:30.339705Z,X
175,https://x.com/Deportes921/status/1805585159837622408,Robert Reyes,2024-06-25T22:20:40.488167Z,X
176,https://x.com/MrAngeloValdes/status/1805444984004378671,Robert Reyes,2024-06-25T22:21:44.584428Z,X
177,https://x.com/pegadoyconzeta/status/1805360233315025365,Robert Reyes,2024-06-25T22:22:48.881739Z,X
178,https://x.com/VarskySports/status/1805337793104626008,Robert Reyes,2024-06-25T22:23:51.761505Z,X
179,https://x.com/Arteymas_/status/1805387800650694760,Robert Reyes,2024-06-25T22:24:50.707977Z,X
180,https://x.com/AtaqueFutbolero/status/1805602164867211310,Robert Reyes,2024-06-25T22:25:50.449213Z,X
181,https://x.com/LaPuercaylor/status/1805418886826750214,Robert Reyes,2024-06-25T22:26:37.705804Z,X
182,https://x.com/elchiringuitotv/status/1805417846140215437,Robert Reyes,2024-06-25T22:27:27.199812Z,X
183,https://x.com/CNNChile/status/1805418234327318558,Robert Reyes,2024-06-25T22:28:13.144813Z,X
184,https://x.com/aranguismo18/status/1805440971108229412,Robert Reyes,2024-06-25T22:29:24.341383Z,X
185,https://x.com/OOC_Milei/status/1805348661053767882,Robert Reyes,2024-06-25T22:30:14.484465Z,X
186,https://x.com/DiarioOle/status/1805441376059785443,Robert Reyes,2024-06-25T22:30:58.869642Z,X
187,https://x.com/LaRoja/status/1805451214617804967,Robert Reyes,2024-06-25T22:32:34.048490Z,X
188,https://x.com/biobio/status/1805640833326055902,Robert Reyes,2024-06-25T22:33:18.765670Z,X
189,https://x.com/porqueTTarg/status/1805605706357231962,Robert Reyes,2024-06-25T22:34:11.186563Z,X
190,https://x.com/FerRomeroCarp/status/1805451612183306543,Robert Reyes,2024-06-25T22:38:24.286507Z,X
191,https://x.com/Ferlandista/status/1805662671636762904,Robert Reyes,2024-06-25T22:39:28.344694Z,X
192,https://x.com/CondorPana/status/1805398440937144772,Robert Reyes,2024-06-25T22:40:14.265566Z,X
193,https://x.com/Polancoas/status/1805425140987007259,Robert Reyes,2024-06-25T22:41:10.523694Z,X
194,https://x.com/EsTendenciaEnX/status/1805370945965642125,Robert Reyes,2024-06-25T23:49:10.657880Z,X
195,https://x.com/lamanoconpelos1/status/1805389514996916697,Robert Reyes,2024-06-25T23:52:13.396409Z,X
196,https://x.com/mbapadre/status/1805667938181202381,Robert Reyes,2024-06-25T23:53:57.216532Z,X
197,https://x.com/JordiWild/status/1801370446564110672,Robert Reyes,2024-06-26T00:25:47.645178Z,X
198,https://x.com/IbaiLlanos/status/1764770221611458873,Robert Reyes,2024-06-26T00:33:30.669460Z,X
199,https://x.com/IbaiLlanos/status/1805423047588946162,Robert Reyes,2024-06-26T00:36:53.333875Z,X
200,https://www.reddit.com/r/chile/comments/1dphbha/me_da_miedo_morir/,Diego_Castillo,2024-06-27 02:18:05,Reddit
201,https://x.com/brucebatman007/status/1806230803690426391,Robert Reyes,2024-06-27T22:06:39.881893Z,X
202,https://x.com/IbaiLlanos/status/1806058647505502376,Robert Reyes,2024-06-27T22:14:45.624341Z,X
203,https://x.com/PaezCanson/status/1806102503957618734,Robert Reyes,2024-06-27T22:27:27.194849Z,X
204,https://x.com/HeverCastroB/status/1806273619502493988,Robert Reyes,2024-06-27T22:44:56.143793Z,X
205,https://x.com/mikemaquinadel/status/1806186915055423673,Robert Reyes,2024-06-27T23:02:09.640554Z,X
206,https://x.com/CNNChile/status/1806113794944602127,Robert Reyes,2024-06-27T23:07:46.764877Z,X
207,https://x.com/biobio/status/1806339239153479868,Robert Reyes,2024-06-27T23:10:39.104061Z,X
208,https://x.com/JordiWild/status/1789312739866780034,Robert Reyes,2024-06-27T23:11:21.603546Z,X
209,https://x.com/JordiWild/status/1788312065041473971,Robert Reyes,2024-06-27T23:14:04.911624Z,X
210,https://x.com/ASUSROGES/status/1734626267872596185,Robert Reyes,2024-06-27T23:15:25.557126Z,X
211,https://x.com/CapitanBitcoin/status/1806318061655412756,Robert Reyes,2024-06-27T23:19:29.083253Z,X
212,https://x.com/MrAngeloValdes/status/1806162009446056259,Robert Reyes,2024-06-27T23:24:56.346098Z,X
213,https://x.com/rmcardenas/status/1806107032946094532,Robert Reyes,2024-06-27T23:26:45.861543Z,X
214,https://x.com/wallstwolverine/status/1806315086132248814,Robert Reyes,2024-06-27T23:30:19.706031Z,X
215,https://x.com/BarVBarbis/status/1806104932375814528,Robert Reyes,2024-06-27T23:35:58.900508Z,X
216,https://x.com/DyLaNtero1/status/1805801023170044315,Robert Reyes,2024-06-27T23:41:28.108949Z,X
217,https://x.com/Rosell___/status/1805800309077266646,Robert Reyes,2024-06-27T23:46:55.850290Z,X
218,https://x.com/DjMaRiiO/status/1805912844107424012,Robert Reyes,2024-06-27T23:50:56.136778Z,X
219,https://x.com/LaRoja/status/1805798796921635116,Robert Reyes,2024-06-27T23:57:01.629138Z,X
220,https://x.com/RevenRV/status/1806313156232310908,Robert Reyes,2024-06-28T00:02:56.156104Z,X
221,https://x.com/EmmaRincon/status/1806115610788597934,Robert Reyes,2024-06-28T00:07:02.090991Z,X
222,https://x.com/CapitanBitcoin/status/1806231553883660359,Robert Reyes,2024-06-28T00:09:26.015239Z,X
223,https://x.com/Trumperizar/status/1806158143140823188,Robert Reyes,2024-06-28T00:10:25.493469Z,X
224,https://x.com/ElInmortal____/status/1806071285526515789,Robert Reyes,2024-06-28T00:12:02.085072Z,X
225,https://x.com/search?q=%22Bea+Bravo%22&src=trend_click&vertical=trends,Robert Reyes,2024-06-28T00:16:27.842069Z,X
226,https://x.com/jabonazzo/status/1805802566653296897,Robert Reyes,2024-06-28T00:18:01.287888Z,X
227,https://x.com/eduardomenoni/status/1806147442921935075,Robert Reyes,2024-06-28T00:21:04.319004Z,X
228,https://x.com/eduardomenoni/status/1806055459796770987,Robert Reyes,2024-06-28T00:21:49.320463Z,X
229,https://x.com/maricelfreire/status/1806224973150773449,Robert Reyes,2024-06-28T00:26:47.684474Z,X
230,https://x.com/SanMarinoTeam/status/1806163093732438232,Robert Reyes,2024-06-28T00:27:20.532170Z,X
231,https://x.com/TNTSportsCL/status/1805975494485025162,Robert Reyes,2024-06-28T00:30:21.724045Z,X
232,https://x.com/CdCiudadDZamora/status/1806097060254396581,Robert Reyes,2024-06-28T00:36:20.828498Z,X
233,https://x.com/castrillijavier/status/1805961522813804731,Robert Reyes,2024-06-28T00:38:42.419312Z,X
234,https://x.com/InvictosSomos/status/1805799578123276603,Robert Reyes,2024-06-28T00:43:19.594592Z,X
235,https://x.com/mbapadre/status/1805798612821008866,Robert Reyes,2024-06-28T00:47:00.025789Z,X
236,https://x.com/Edi_80506/status/1805800137991606337,Robert Reyes,2024-06-28T00:52:15.742925Z,X
237,https://x.com/InformaCosmos/status/1806391547811991646,Robert Reyes,2024-06-28T00:57:57.983176Z,X
238,https://x.com/eldiariodedross/status/1806340339105448161,Robert Reyes,2024-06-28T01:01:30.399084Z,X
239,https://x.com/porqueTTarg/status/1806398853425332347,Robert Reyes,2024-06-28T01:18:57.707227Z,X
240,https://x.com/WestCOL/status/1806184024420872655,Robert Reyes,2024-06-28T01:22:23.703727Z,X
241,https://x.com/ModoAlt/status/1806234706272293044,Robert Reyes,2024-06-28T01:28:11.633684Z,X
242,https://x.com/PedroKonductaz/status/1806105060671156578,Robert Reyes,2024-06-28T01:36:32.300595Z,X
243,https://x.com/biobio/status/1806716744670511342,Robert Reyes,2024-06-28T22:00:07.595129Z,X
244,https://x.com/agustinromm/status/1806499328514478494,Robert Reyes,2024-06-28T22:04:41.320437Z,X
245,https://x.com/EsdeProfugos/status/1806680161082913212,Robert Reyes,2024-06-28T22:08:46.815542Z,X
246,https://x.com/therealbuni/status/1806488912178897059,Robert Reyes,2024-06-28T22:13:12.777368Z,X
247,https://x.com/24HorasTVN/status/1806688546239009097,Robert Reyes,2024-06-28T22:18:26.628748Z,X
248,https://x.com/SanMarinoTeam/status/1806523583083995634,Robert Reyes,2024-06-28T22:22:04.634927Z,X
249,https://x.com/EmmaRincon/status/1806536722550837679,Robert Reyes,2024-06-28T22:26:27.477949Z,X
250,https://x.com/sudanalytics_/status/1806723935377272884,Robert Reyes,2024-06-28T22:31:41.292934Z,X
251,https://x.com/EnsedeCiencia/status/1806104365645586646,Robert Reyes,2024-06-28T22:35:05.469382Z,X
252,https://x.com/momentoviralx/status/1786462944181518470,Robert Reyes,2024-06-28T22:39:20.310353Z,X
253,https://x.com/EnsedeCiencia/status/1803994552937677072,Robert Reyes,2024-06-28T22:42:24.834185Z,X
254,https://x.com/EnsedeCiencia/status/1805970650365907223,Robert Reyes,2024-06-28T22:46:26.879258Z,X
255,https://x.com/EnsedeCiencia/status/1797065101364592664,Robert Reyes,2024-06-28T22:47:31.038165Z,X
256,https://x.com/adnradiochile/status/1806723471763718597,Robert Reyes,2024-06-28T22:56:42.647196Z,X
257,https://x.com/El_pinche_norte/status/1806470445627007403,Robert Reyes,2024-06-28T23:01:10.453894Z,X
258,https://x.com/CapitanBitcoin/status/1806646556017266909,Robert Reyes,2024-06-28T23:12:59.196134Z,X
259,https://x.com/VarskySports/status/1806524357184786809,Robert Reyes,2024-06-28T23:15:59.957701Z,X
260,https://x.com/KichaChilena/status/1806490651229331903,Robert Reyes,2024-06-28T23:20:46.940661Z,X
261,https://x.com/carolinawagner_/status/1806724713252610458,Robert Reyes,2024-06-28T23:54:30.390823Z,X
262,https://x.com/OOCprogresismo2/status/1806658809831870938,Robert Reyes,2024-06-28T23:58:41.663646Z,X
263,https://x.com/LiberalMilei27/status/1806518537705406632,Robert Reyes,2024-06-29T00:03:31.668276Z,X
264,https://x.com/CNNChile/status/1806319100722905512,Robert Reyes,2024-06-29T00:19:23.392066Z,X
265,https://x.com/eduardomenoni/status/1806545241614188995,Robert Reyes,2024-06-29T00:28:46.589047Z,X
266,https://x.com/ArrepentidosLLA/status/1806743208690344063,Robert Reyes,2024-06-29T00:33:34.466353Z,X
267,https://x.com/CapitanBitcoin/status/1806772164936229122,Robert Reyes,2024-06-29T00:37:20.910908Z,X
268,https://x.com/sotosinmas/status/1806625132279922912,Robert Reyes,2024-06-29T00:42:01.502622Z,X
269,https://www.reddit.com/r/chile/comments/14gxwj1/gato_pasajero_en_metro_de_santiago/,Diego Castillo,2024-06-29 13:34:37,Reddit
270,https://www.reddit.com/r/chile/comments/k7tl4e/al_igual_que_arica_el_meme_es_robado/,Diego Castillo,2024-06-29 13:35:21,Reddit
271,https://x.com/chvnoticias/status/1807061422414721073,Diego Castillo,2024-06-29T18:48:35.231290Z,X
272,https://x.com/JordiWild/status/1807106008231424111,Robert Reyes,2024-06-29T19:08:43.930927Z,X
274,https://x.com/InvictosSomos/status/1806926009373007912,Robert Reyes,2024-06-29T19:45:41.950611Z,X
275,https://x.com/porqueTTarg/status/1807150911141327328,Jose Escobar,2024-06-29T23:38:23.120793Z,X
276,https://x.com/Pajarobere/status/1490357022784692236,Diego Castillo,2024-06-30T21:04:27.900980Z,X
277,https://x.com/PCdeChile/status/1244817915028951040,Diego Castillo,2024-06-30T21:17:42.937552Z,X
278,https://x.com/sebastianpinera/status/1755027740426706946,Diego Castillo,2024-06-30T21:22:14.531826Z,X
279,https://x.com/penguinlibros/status/1680221309601447938,Diego Castillo,2024-06-30T21:25:29.247460Z,X
280,https://x.com/31minutos_tv/status/1385267303844126729,Diego Castillo,2024-06-30T21:37:24.789232Z,X
281,https://x.com/karladiane_/status/1191416042150678529,Diego Castillo,2024-06-30T21:41:25.382784Z,X
282,https://x.com/MonjaSinHabito/status/1620593484108537856,Diego Castillo,2024-06-30T21:46:26.123427Z,X
283,https://x.com/Mzavalagc/status/1445421173358030850,Diego Castillo,2024-06-30T21:55:26.908506Z,X
284,https://x.com/arigameplays/status/1483486066963329033,Diego Castillo,2024-06-30T21:59:12.019601Z,X
285,https://x.com/2010MisterChip/status/1303686765505646592,Diego Castillo,2024-06-30T22:03:38.907443Z,X
286,https://x.com/quebolasMario/status/1306066821511086080,Diego Castillo,2024-06-30T22:11:49.183087Z,X
287,https://x.com/Dannocean/status/1550995303779762176,Diego Castillo,2024-06-30T22:15:46.384522Z,X
288,https://x.com/arigameplays/status/1623805815206322176,Diego Castillo,2024-06-30T22:19:32.749243Z,X
289,https://x.com/Atleti/status/1393965716920053762,Diego Castillo,2024-06-30T22:22:36.045770Z,X
290,https://x.com/WaldoCasal/status/1686544913045782528,Diego Castillo,2024-06-30T22:26:56.059655Z,X
291,https://x.com/mbapadre/status/1807450657173193002,Jose Escobar,2024-07-01T01:03:51.784817Z,X
292,https://x.com/FCB_nenn/status/1807232888456319123,Jose Escobar,2024-07-01T01:04:54.153595Z,X
293,https://x.com/AlineCvt/status/1807220778439524475,Jose Escobar,2024-07-01T01:11:52.469841Z,X
294,https://x.com/b0mb3r0/status/1807204333634687205,Jose Escobar,2024-07-01T01:26:03.930938Z,X
295,https://x.com/marca/status/1807213960690802938,Jose Escobar,2024-07-01T01:26:43.161187Z,X
296,https://x.com/ESPNDeportes/status/1807214374425178323,Jose Escobar,2024-07-01T01:30:18.088092Z,X
297,https://x.com/mbapadre/status/1807230039928271092,Jose Escobar,2024-07-01T01:54:13.400520Z,X
298,https://x.com/ddalgimars/status/1807523657045905439,Jose Escobar,2024-07-01T01:56:35.691342Z,X
299,https://x.com/giraltpablo/status/1807421515194839200,Jose Escobar,2024-07-01T01:58:13.921201Z,X
300,https://x.com/LoboEst88016185/status/1807426609076441477,Jose Escobar,2024-07-01T02:00:16.150956Z,X
301,https://x.com/CopaAmerica/status/1807522162229571993,Jose Escobar,2024-07-01T02:01:14.023487Z,X
302,https://x.com/madrid_total2/status/1807219415248757228,Jose Escobar,2024-07-01T02:01:50.752654Z,X
303,https://x.com/AlboNoticiass/status/1807283409212854508,Jose Escobar,2024-07-01T02:04:01.902373Z,X
304,https://x.com/castrillijavier/status/1807249140465709384,Jose Escobar,2024-07-01T02:05:33.488321Z,X
305,https://x.com/IbaiLlanos/status/1806832489429717067,Jose Escobar,2024-07-01T02:22:17.465990Z,X
306,https://x.com/Tsukiamigos28/status/1807099383009120579?t=VMg0x5SDVPoHJqWVjy4Pcg&s=19,Diego Castillo,2024-07-01T06:14:16.874013Z,X
307,https://x.com/porqueTTarg/status/1807392161417032191,Diego Castillo,2024-07-01T06:17:23.914873Z,X
308,https://x.com/ZZZAacount/status/1653648678333079559,Diego Castillo,2024-07-01T06:22:09.344691Z,X
309,https://x.com/chiophilippakis/status/1708843055179030611,Diego Castillo,2024-07-01T06:26:34.700947Z,X
310,https://x.com/NewsDayMundo/status/1753123846134153623,Diego Castillo,2024-07-01T06:33:32.700028Z,X
311,https://x.com/AlertaNews24/status/1807607549081817161,Jose Escobar,2024-07-01T07:55:15.957695Z,X
312,https://x.com/melaniieu_/status/1596191783981322241,Diego Castillo,2024-07-02T03:41:43.336812Z,X
313,https://x.com/paragonperez/status/1783273976602435925,Diego Castillo,2024-07-02T03:45:05.001138Z,X
314,https://x.com/natijauskas/status/1077153252892962817,Diego Castillo,2024-07-02T03:48:22.119516Z,X
315,https://x.com/fernanmorillo/status/1313315332958957568,Diego Castillo,2024-07-02T04:00:29.144358Z,X
316,https://x.com/patocasidelaB/status/1807437048225100110,Robert Reyes,2024-07-02T04:58:44.559205Z,X
317,https://x.com/CNNChile/status/1807730879407751544,Robert Reyes,2024-07-02T05:01:34.411962Z,X
318,https://x.com/mbapadre/status/1807769909113356635,Robert Reyes,2024-07-02T05:04:40.607050Z,X
319,https://x.com/CNNChile/status/1807574376771932221,Robert Reyes,2024-07-02T05:07:36.371148Z,X
320,https://x.com/nauterfley_es/status/1807727233005437394,Robert Reyes,2024-07-02T05:09:34.522759Z,X
321,https://x.com/CNNChile/status/1807519358807060743,Robert Reyes,2024-07-02T05:14:31.777182Z,X
322,https://x.com/soypatofigueroa/status/1807809767945187397,Robert Reyes,2024-07-02T05:22:44.955032Z,X
323,https://x.com/Mario___RM/status/1808164492347339140,Robert Reyes,2024-07-03T01:20:39.961740Z,X
324,https://x.com/adnradiochile/status/1808254319571218491,Robert Reyes,2024-07-03T01:24:38.945163Z,X
325,https://x.com/maps_black/status/1808207179519864915,Robert Reyes,2024-07-03T01:32:27.770959Z,X
326,https://x.com/DavooXeneizeJRR/status/1808336516118196233,Jose Escobar,2024-07-03T04:19:56.845107Z,X
327,https://x.com/frabigol/status/1808334885804757078,Jose Escobar,2024-07-03T04:21:25.954515Z,X
328,https://x.com/frabigol/status/1808310917307744418,Jose Escobar,2024-07-03T04:24:43.185236Z,X
329,https://x.com/CopaAmerica/status/1808340614901112974,Jose Escobar,2024-07-03T04:37:00.765156Z,X
330,https://x.com/cristobalsoria/status/1808316145336045673,Jose Escobar,2024-07-03T04:39:17.423829Z,X
331,https://x.com/lautarodeIcampo/status/1808335124997513623,Jose Escobar,2024-07-03T04:42:36.514025Z,X
332,https://x.com/mbapadre/status/1808317156729217363,Jose Escobar,2024-07-03T04:45:29.878707Z,X
333,https://x.com/fdbedout/status/1807974419765043584,Jose Escobar,2024-07-03T04:48:49.066135Z,X
334,https://x.com/AlertaNews24/status/1808268592271839266,Jose Escobar,2024-07-03T04:52:19.156839Z,X
335,https://x.com/therealbuni/status/1808210300644348289,Jose Escobar,2024-07-03T04:56:02.314784Z,X
336,https://x.com/javierlanari/status/1808247268992340357,Jose Escobar,2024-07-03T04:58:38.780390Z,X
337,https://x.com/santobelen_/status/1808087478449885340,Jose Escobar,2024-07-03T05:01:33.346466Z,X
338,https://x.com/JMilei/status/1808080124874523060,Jose Escobar,2024-07-03T05:04:59.205912Z,X
339,https://x.com/EsdeProfugos/status/1808110819021873563,Jose Escobar,2024-07-03T05:08:00.122891Z,X
340,https://x.com/wesodedurazno/status/1807939728630534366,Jose Escobar,2024-07-03T05:12:02.449236Z,X
341,https://x.com/drapatygal/status/1807832890023239911,Jose Escobar,2024-07-03T05:14:04.333457Z,X
342,https://x.com/biobio/status/1808217115834605721,Jose Escobar,2024-07-03T05:15:48.347994Z,X
343,https://x.com/elmarianaa/status/1777512701700497858,Jose Escobar,2024-07-03T05:19:45.276827Z,X
344,https://x.com/elmarianaa/status/1806455468421738818,Jose Escobar,2024-07-03T05:23:00.374770Z,X
345,https://x.com/elmarianaa/status/1806110249897676899,Jose Escobar,2024-07-03T05:26:14.981122Z,X
346,https://x.com/elmarianaa/status/1788074187451765237,Jose Escobar,2024-07-03T05:29:44.252257Z,X
347,https://x.com/elmarianaa/status/1782947694283206768,Jose Escobar,2024-07-03T05:31:01.947640Z,X
348,https://x.com/ElMarianaHelp/status/1780697883492364744,Jose Escobar,2024-07-03T05:31:29.751752Z,X
349,https://x.com/elmarianaa/status/1775292453270258146,Jose Escobar,2024-07-03T05:34:34.458015Z,X
350,https://x.com/eldiariodedross/status/1807893972544901260,Jose Escobar,2024-07-03T05:37:48.561750Z,X
351,https://x.com/eldiariodedross/status/1807867877099278495,Jose Escobar,2024-07-03T05:38:17.654720Z,X
352,https://x.com/samyriveratv/status/1808254447774204030,Jose Escobar,2024-07-03T05:40:55.549083Z,X
353,https://x.com/naya__facil/status/1772847455836459127,Jose Escobar,2024-07-03T05:45:35.008679Z,X
354,https://x.com/CapitanGatoYT/status/1807815061559275704,Jose Escobar,2024-07-03T05:48:35.453533Z,X
355,https://x.com/InformaCosmos/status/1807873889831100905,Jose Escobar,2024-07-03T05:53:05.481410Z,X
356,https://x.com/ailinpianetti/status/1807960749370675624,Jose Escobar,2024-07-03T05:55:17.251854Z,X
357,https://x.com/naya__facil/status/1782937004579123346,Jose Escobar,2024-07-03T05:56:52.482507Z,X
358,https://x.com/naya__facil/status/1782187090886701357,Jose Escobar,2024-07-03T05:59:37.509647Z,X
359,https://x.com/naya__facil/status/1779139125095837981,Jose Escobar,2024-07-03T06:00:49.444983Z,X
360,https://x.com/naya__facil/status/1777429113919135856,Jose Escobar,2024-07-03T06:02:02.701687Z,X
361,https://x.com/naya__facil/status/1771017679324762138,Jose Escobar,2024-07-03T06:03:53.128781Z,X
362,https://x.com/naya__facil/status/1770550463957504340,Jose Escobar,2024-07-03T06:04:59.768719Z,X
363,https://x.com/naya__facil/status/1769711256926044422,Jose Escobar,2024-07-03T06:06:11.477352Z,X
364,https://x.com/naya__facil/status/1766329912653119861,Jose Escobar,2024-07-03T06:06:55.379073Z,X
365,https://x.com/naya__facil/status/1765958241744290304,Jose Escobar,2024-07-03T06:08:48.662025Z,X
366,https://x.com/naya__facil/status/1765057033613516899,Jose Escobar,2024-07-03T06:11:14.304980Z,X
367,https://x.com/Udinese_1896/status/1808202797973696688,Jose Escobar,2024-07-03T06:12:18.311681Z,X
368,https://x.com/ConlaUSiempre_/status/1797414568526065898,Jose Escobar,2024-07-03T06:14:41.748590Z,X
369,https://x.com/search?q=%22Dami%C3%A1n%20Pizarro%22&src=trend_click&vertical=trends,Jose Escobar,2024-07-03T06:15:42.128710Z,X
370,https://x.com/biobio/status/1808316756970053954,Jose Escobar,2024-07-03T06:36:12.500860Z,X
371,https://x.com/porquetendencia/status/1808126020819582987,Jose Escobar,2024-07-03T06:38:00.902917Z,X
372,https://x.com/porquetendencia,Jose Escobar,2024-07-03T06:41:07.042733Z,X
373,https://x.com/JMilei__/status/1460037475586482177,Jose Escobar,2024-07-03T07:02:40.676645Z,X
374,https://x.com/JMilei__/status/1437215387075088384,Jose Escobar,2024-07-03T07:05:43.818441Z,X
375,https://x.com/nayibbukele/status/1803151656399290556,Jose Escobar,2024-07-03T07:09:01.895801Z,X
376,https://x.com/VickyVillarruel/status/1801078166561128739,Jose Escobar,2024-07-03T07:12:20.557043Z,X
377,https://x.com/VickyVillarruel/status/1800907623665201368,Jose Escobar,2024-07-03T07:15:46.285483Z,X
378,https://x.com/madorni/status/1794485932802064654,Jose Escobar,2024-07-03T07:19:21.610484Z,X
379,https://x.com/AgustinLaje/status/1792547494674518055,Jose Escobar,2024-07-03T07:23:04.196407Z,X
380,https://x.com/JMilei/status/1792335830482301094,Jose Escobar,2024-07-03T07:26:22.663436Z,X
381,https://x.com/inakiigutierrez/status/1782818866743169347,Jose Escobar,2024-07-03T07:31:03.256714Z,X
382,https://x.com/AgustinLaje/status/1782877220060475819,Jose Escobar,2024-07-03T07:34:24.898803Z,X
383,https://x.com/PatoBullrich/status/1782963898104123698,Jose Escobar,2024-07-03T07:37:53.282172Z,X
384,https://x.com/Melissa_Bely/status/1633024978122678272,Jose Escobar,2024-07-03T07:42:00.192953Z,X
385,https://x.com/Melissa_Bely/status/1808287113739137049,Jose Escobar,2024-07-03T07:45:56.310159Z,X
386,https://x.com/Melissa_Bely/status/1808279140467953712,Jose Escobar,2024-07-03T07:49:12.146018Z,X
387,https://x.com/Melissa_Bely/status/1698045528531935289,Jose Escobar,2024-07-03T07:52:41.428111Z,X
388,https://x.com/CarlosTorresF_/status/1736235083445449128,Jose Escobar,2024-07-03T07:56:08.287463Z,X
389,https://x.com/aracelibs/status/1624628934267789313,Jose Escobar,2024-07-03T07:59:22.789993Z,X
390,https://x.com/JMilei/status/1807983610491719854,Jose Escobar,2024-07-03T08:02:48.192187Z,X
391,https://x.com/_Benito___/status/1807834451856289832,Jose Escobar,2024-07-03T08:06:31.160291Z,X
392,https://x.com/stanleybostero/status/1807849211460718718,Jose Escobar,2024-07-03T08:09:36.093156Z,X
393,https://x.com/candelaledd/status/1807987442663723074,Jose Escobar,2024-07-03T08:13:08.002223Z,X
394,https://x.com/siete_letras/status/1808247960834396193,Jose Escobar,2024-07-03T08:15:55.024060Z,X
395,https://x.com/MigueldeLys/status/1808126841305059397,Jose Escobar,2024-07-03T08:18:49.434928Z,X
396,https://x.com/kirawontmiss/status/1807865135949635922,Jose Escobar,2024-07-03T08:20:16.030027Z,X
397,https://x.com/Imanoli7/status/1807952851060019215,Jose Escobar,2024-07-03T08:24:33.270056Z,X
398,https://x.com/Rhevolver/status/1807986001400185015,Jose Escobar,2024-07-03T08:25:33.329069Z,X
399,https://x.com/Rhevolver/status/1807882946092638281,Jose Escobar,2024-07-03T13:47:34.836796Z,X
400,https://x.com/insolado/status/1807964240445100413,Jose Escobar,2024-07-03T13:51:47.404299Z,X
401,https://x.com/trunksRM/status/1808291851218161811,Jose Escobar,2024-07-03T13:54:43.971060Z,X
402,https://x.com/eduardomenoni/status/1808262491719495881,Jose Escobar,2024-07-03T14:00:28.758743Z,X
403,https://x.com/fatimeansfaith/status/1808162110049784258,Jose Escobar,2024-07-03T14:03:08.792181Z,X
404,https://x.com/Rom6n_/status/1808316464098631727,Jose Escobar,2024-07-03T14:06:01.953124Z,X
405,https://x.com/SophieYunes/status/1808307102563328107,Jose Escobar,2024-07-03T14:08:39.313520Z,X
406,https://x.com/vitoquiles/status/1808452607175803185,Jose Escobar,2024-07-03T14:11:40.009727Z,X
407,https://x.com/eduardomenoni/status/1808136174889783532,Jose Escobar,2024-07-03T14:15:01.107577Z,X
408,https://x.com/eduardomenoni/status/1805061017065476515,Jose Escobar,2024-07-03T14:17:57.889804Z,X
409,https://x.com/eduardomenoni/status/1808282309168156888,Jose Escobar,2024-07-03T14:20:53.680285Z,X
410,https://x.com/eduardomenoni/status/1808230317427417130,Jose Escobar,2024-07-03T14:23:43.868094Z,X
411,https://x.com/eduardomenoni/status/1808336219484369055,Jose Escobar,2024-07-03T14:26:53.291734Z,X
412,https://x.com/wallstwolverine/status/1808226071894011966,Jose Escobar,2024-07-03T14:30:13.653541Z,X
413,https://x.com/FelipedelDIM/status/1808338048481988999,Jose Escobar,2024-07-03T14:33:38.480906Z,X
414,https://x.com/wallstwolverine/status/1808174792354250839,Jose Escobar,2024-07-03T14:36:56.311271Z,X
415,https://x.com/wallstwolverine/status/1808128942399766530,Jose Escobar,2024-07-03T14:40:36.258049Z,X
416,https://x.com/wallstwolverine/status/1808093881570914764,Jose Escobar,2024-07-03T14:44:39.013600Z,X
417,https://x.com/wallstwolverine/status/1807856509805576242,Jose Escobar,2024-07-03T14:48:07.640586Z,X
418,https://x.com/wallstwolverine/status/1807875057848332651,Jose Escobar,2024-07-03T14:51:37.348787Z,X
419,https://x.com/wallstwolverine/status/1807797670079066345,Jose Escobar,2024-07-03T14:55:31.277976Z,X
420,https://x.com/wallstwolverine/status/1807782885300093171,Jose Escobar,2024-07-03T14:59:26.521934Z,X
421,https://x.com/wallstwolverine/status/1807750806482915343,Jose Escobar,2024-07-03T15:02:46.471356Z,X
422,https://x.com/lautarogravano/status/1807938259118367015,Jose Escobar,2024-07-03T15:06:06.971236Z,X
423,https://x.com/CapitanBitcoin/status/1808365366373937540,Jose Escobar,2024-07-03T15:09:19.751382Z,X
424,https://x.com/adais_casares/status/1807783759711818169,Jose Escobar,2024-07-03T15:12:35.124691Z,X
425,https://x.com/ModoAlt/status/1808162419643965549,Jose Escobar,2024-07-03T15:16:08.509400Z,X
426,https://x.com/hombregrisxd/status/1808268432485273788,Jose Escobar,2024-07-03T15:19:49.009659Z,X
427,https://x.com/lamatriarcadetw/status/1263686092890484742,Diego Castillo,2024-07-03T20:30:19.382735Z,X
428,https://x.com/monicaoltra/status/1539629651466899460,Diego Castillo,2024-07-03T20:33:04.395875Z,X
429,https://x.com/5pauulavalero/status/1217457131282206720,Diego Castillo,2024-07-03T20:37:09.761258Z,X